<!DOCTYPE suite SYSTEM "http://testng.org/testng-1.0.dtd">
<suite name="Facebook demo" preserve-order="true">

    <listeners>
        <listener class-name="com.utility.ExtentedReport"></listener>
    </listeners>

    <!--  <parameter name="browser" value="chrome"></parameter>-->
     <test name="Login" preserve-order="true">
         <classes>
             <class name="testcase.ValidLogin"></class>
             <class name="testcase.ValidLogin"></class>
             <class name="testcase.ValidLogin"></class>
         </classes>
     </test>
     <test name="Register" preserve-order="true">
         <classes>
             <class name="testcase.ValidLogin"></class>
             <class name="testcase.ValidLogin"></class>
             <class name="testcase.ValidLogin"></class>
         </classes>
     </test>
 </suite>